{
    "convnextB": {
        "params": 120.807809,
        "enc_p": 87.568256,
        "dec_p": 33.239553,
        "flops": 185.719768704,
        "fps": 72.46610136929361,
        "time": 13.799555669538677,
        "time_arr": [
            13.822796805761755,
            13.863562604412436,
            13.788531438447535,
            13.782448097132146,
            13.740439401939511
        ]
    },
    "resnet18": {
        "params": 40.778817,
        "enc_p": 11.176512,
        "dec_p": 29.602305,
        "flops": 114.16436736,
        "fps": 180.44239954806199,
        "time": 5.54193472545594,
        "time_arr": [
            5.539106652140617,
            5.5453133303672075,
            5.539512079209089,
            5.544312188401818,
            5.541429377160966
        ]
    },
    "resnet50": {
        "params": 64.022081,
        "enc_p": 23.508032,
        "dec_p": 40.514049,
        "flops": 128.436535296,
        "fps": 100.37386789921634,
        "time": 9.962752466648817,
        "time_arr": [
            10.035395847633481,
            10.03763535991311,
            9.922531959600747,
            9.895524676889181,
            9.922674489207566
        ]
    },
    "swinV2T": {
        "params": 58.997547,
        "enc_p": 27.576618,
        "dec_p": 31.420929,
        "flops": 128.836839424,
        "fps": 47.603582789691984,
        "time": 21.006822205334903,
        "time_arr": [
            21.025106203742325,
            20.988852703012526,
            21.03097674343735,
            20.983776837587357,
            21.00539853889495
        ]
    },
    "vitB": {
        "params": 118.053633,
        "enc_p": 85.79712,
        "dec_p": 32.256513,
        "flops": 103.67012608,
        "fps": 118.2303958998237,
        "time": 8.458061840943992,
        "time_arr": [
            8.465807680040598,
            8.452699481509626,
            8.460806499235332,
            8.461156903766096,
            8.44983864016831
        ]
    },
    "vitT": {
        "params": 33.061953,
        "enc_p": 5.524032,
        "dec_p": 27.537921,
        "flops": 19.5125344,
        "fps": 116.78365753916472,
        "time": 8.562841934151947,
        "time_arr": [
            8.559453682042658,
            8.56176486890763,
            8.571134497411549,
            8.568038360215724,
            8.553818262182176
        ]
    },
    "swin-S": {
        "params": 80.259627,
        "enc_p": 48.838698,
        "dec_p": 31.420929,
        "flops": 162.278673172,
        "fps": 31.90890269922538,
        "time": 31.33921618759632,
        "time_arr": [
            31.3634887766093,
            31.336990671232343,
            31.346622677519917,
            31.320564166642725,
            31.32841464597732
        ]
    },
    "swinT": {
        "params": 58.941723,
        "flops": 134.48711626,
        "fps": 57.8202935265574,
        "time": 17.29496581577696,
        "time_arr": [
            17.271012427750975,
            17.225605878047645,
            17.34969465294853,
            17.35748055158183,
            17.271035568555817
        ]
    }
}