{
    "our_b": {
        "params": 120.119929,
        "flops": 221.359525888,
        "fps": 32.44184931167392,
        "time": 30.82438335721381,
        "time_arr": [
            30.844212590018287,
            30.79174178186804,
            30.794512601103634,
            30.864629234652966,
            30.826820578426123
        ]
    },
    "our_t": {
        "params": 58.941723,
        "flops": 134.48711626,
        "fps": 57.8202935265574,
        "time": 17.29496581577696,
        "time_arr": [
            17.271012427750975,
            17.225605878047645,
            17.34969465294853,
            17.35748055158183,
            17.271035568555817
        ]
    },
    "gfm_swinB": {
        "params": 120.462585,
        "flops": 109.154566144,
        "fps": 44.90687596946574,
        "time": 22.26830476205796,
        "time_arr": [
            22.316702290670946,
            22.290050067240372,
            22.314343203324825,
            22.189520567655563,
            22.230907681398094
        ]
    },
    "mtp_vitBUnet": {
        "params": 107.757185,
        "flops": 196.861423264,
        "fps": 31.165514256109123,
        "time": 32.086747928569096,
        "time_arr": [
            32.119698009453714,
            32.095545502146706,
            32.06446037464775,
            32.07522892788984,
            32.07880682870746
        ]
    },
    "satmae_vitlUnet": {
        "params": 322.637609,
        "flops": 514.22229504,
        "fps": 71.21689401437149,
        "time": 14.041612089937553,
        "time_arr": [
            14.023178684292361,
            14.061622770270333,
            14.025361213134602,
            14.085638567339629,
            14.01225921465084
        ]
    },
    "caco_rn50": {
        "params": 64.022081,
        "flops": 128.450953216,
        "fps": 100.92002799509339,
        "time": 9.908835935406387,
        "time_arr": [
            9.886113341199234,
            9.892569296993315,
            9.911718597402796,
            9.944798113778234,
            9.908980327658355
        ]
    },
    "seco_rn50": {
        "params": 64.022081,
        "flops": 128.450953216,
        "fps": 100.69018968983076,
        "time": 9.9314541275613,
        "time_arr": [
            9.960518510313705,
            9.90812975843437,
            9.912502734689042,
            9.95763083267957,
            9.918488801689819
        ]
    },
    "gassl": {
        "params": 64.022081,
        "flops": 128.450953216,
        "fps": 100.44333900259645,
        "time": 9.955861781677232,
        "time_arr": [
            9.967757024569437,
            9.93691664445214,
            9.865050413412973,
            10.06796730030328,
            9.941617525648326
        ]
    }
}